execution,strategy,actual_start,actual_end,contributed,final_value,profit,end_roi,worst_interim_roi,worst_date,deposited_at_worst,equity_at_worst,ending_tqqq_weight,mean_idle_weight,transaction_cost,turnover,trades,mean_calendar_wait_deployed_principal,deployed_principal
next_open,weekly_qqq,2021-09-16,2026-09-16,26200.0,45126.702583320366,18926.702583320366,0.7223932283710064,-0.22775025871767615,2022-06-16,4000.0,3088.9989651292954,0.0,0.0,13.09345327336332,26186.90654672664,262,,0.0
next_open,weekly_qld,2021-09-16,2026-09-16,26200.0,60979.173994321965,34779.173994321965,1.3274493890962582,-0.42614282758709554,2022-06-16,4000.0,2295.428689651618,0.0,0.0,13.09345327336332,26186.90654672664,262,,0.0
next_open,weekly_tqqq,2021-09-16,2026-09-16,26200.0,75466.77432000721,49266.774320007215,1.8804112335880616,-0.5850959258309602,2022-06-16,4000.0,1659.6162966761592,1.0,0.0,13.09345327336332,26186.90654672664,262,,0.0
next_open,weekly_half_half,2021-09-16,2026-09-16,26200.0,60296.73845166379,34096.73845166379,1.301402230979534,-0.40642309227431817,2022-06-16,4000.0,2374.3076309027274,0.6257948295205412,0.0,13.09345327336332,26186.90654672664,524,,0.0
next_open,dip_cash,2021-09-16,2026-09-16,26200.0,74546.70534754223,48346.70534754223,1.8452940972344363,-0.578057476821977,2022-06-16,4000.0,1687.7700927120925,0.9946342363738925,0.028917558197111167,12.893553223388306,25787.106446776612,115,14.220930232558139,25800.0
next_open,dip_bond,2021-09-16,2026-09-16,26200.0,74594.15582169782,48394.155821697816,1.8471051840342678,-0.5783393461484909,2022-06-16,4000.0,1686.6426154060364,0.9946339108605534,0.028934579761577386,35.015345124351136,70030.69024870226,429,14.220930232558139,25800.0
next_close,weekly_qqq,2021-09-16,2026-09-16,26200.0,45072.35767710129,18872.35767710129,0.7203189953092095,-0.22807872838435536,2022-06-16,4000.0,3087.6850864625785,0.0,0.0,13.09345327336332,26186.90654672664,262,,0.0
next_close,weekly_qld,2021-09-16,2026-09-16,26200.0,60844.71883472664,34644.71883472664,1.322317512775826,-0.426253981887273,2022-06-16,4000.0,2294.984072450908,0.0,0.0,13.09345327336332,26186.90654672664,262,,0.0
next_close,weekly_tqqq,2021-09-16,2026-09-16,26200.0,75251.51261795225,49051.51261795225,1.8721951380897806,-0.5844350219801455,2022-06-16,4000.0,1662.259912079418,1.0,0.0,13.09345327336332,26186.90654672664,262,,0.0
next_close,weekly_half_half,2021-09-16,2026-09-16,26200.0,60161.93514752677,33961.93514752677,1.296257066699495,-0.4062568751822505,2022-06-16,4000.0,2374.972499270998,0.6254080128358853,0.0,13.09345327336332,26186.90654672664,524,,0.0
next_close,dip_cash,2021-09-16,2026-09-16,26200.0,74524.82935644116,48324.82935644116,1.844459135742029,-0.5807146894621634,2022-06-16,4000.0,1677.1412421513464,0.9946326613096038,0.028929881020258924,12.893553223388306,25787.106446776612,115,14.220930232558139,25800.0
next_close,dip_bond,2021-09-16,2026-09-16,26200.0,74572.22028911745,48372.22028911745,1.846267949966315,-0.5809991339546398,2022-06-16,4000.0,1676.0034641814407,0.9946324258621351,0.02894707005005731,35.01557308005164,70031.14616010326,429,14.220930232558139,25800.0
